{"patterns": {"B": {"B": 0, "S": 33.5136548642749}, "S": {"B": 36.71088986539552, "S": 20.0}, "BS": {"B": 30.92794520495905, "S": 0}, "SB": {"B": 0, "S": 31.710889865395522}, "BSB": {"B": 0, "S": 30.92794520495905}, "SBS": {"B": 29.189021605037375, "S": 0}, "BSBS": {"B": 28.468342093802104, "S": 0}, "SBSB": {"B": 0, "S": 29.189021605037375}, "BSBSB": {"B": 0, "S": 28.468342093802104}, "SBSBS": {"B": 26.790146311070277, "S": 0}, "BSBSBS": {"B": 26.128695241876112, "S": 0}, "SBSBSB": {"B": 0, "S": 26.790146311070277}, "BSBSBSB": {"B": 0, "S": 26.128695241876112}, "SBSBSBS": {"B": 24.508265545740972, "S": 0}, "BSBSBSBS": {"B": 23.903154313383645, "S": 0}, "SBSBSBSB": {"B": 0, "S": 24.508265545740972}, "BSBSBSBSB": {"B": 0, "S": 23.903154313383645}, "SBSBSBSBS": {"B": 22.33767341855753, "S": 0}, "BSBSBSBSBS": {"B": 21.78615429677097, "S": 0}, "SBSBSBSBSB": {"B": 0, "S": 22.33767341855753}, "BSBSBSBSBSB": {"B": 0, "S": 21.78615429677097}, "SBSBSBSBSBS": {"B": 20.272942318591042, "S": 0}, "BSBSBSBSBSBS": {"B": 19.772401589300493, "S": 0}, "SBSBSBSBSBSB": {"B": 0, "S": 20.272942318591042}, "SS": {"B": 5.0, "S": 15.0}, "SSS": {"B": 5.0, "S": 10.0}, "SSSS": {"B": 5.0, "S": 5.0}, "SSSSS": {"B": 5.0, "S": 0}}, "markov_probabilities": {"S": {"B": 0.2, "S": 0.8}}, "error_matrix": {"S": {"wins": 8, "losses": 2}, "SS": {"wins": 6, "losses": 2}, "SSS": {"wins": 4, "losses": 2}, "SSSS": {"wins": 2, "losses": 2}, "SSSSS": {"wins": 0, "losses": 2}}}