{"patterns": {"B": {"B": 0.0, "S": 389.2278790368187}, "S": {"B": 511.52109996390186, "S": 11.974738784767576}, "BS": {"B": 443.85654765626776, "S": 0.0}, "SB": {"B": 0.0, "S": 388.1484970392236}, "BSB": {"B": 0.0, "S": 323.47762942778144}, "SBS": {"B": 442.81538986248125, "S": 0.0}, "BSBS": {"B": 378.18180269589305, "S": 0.0}, "SBSB": {"B": 0.0, "S": 322.436471633995}, "BSBSB": {"B": 0.0, "S": 257.8028844674068}, "SBSBS": {"B": 377.1770048894974, "S": 0.0}, "BSBSBS": {"B": 256.4020514723859, "S": 0.0}, "SBSBSB": {"B": 0.0, "S": 256.7980866610112}, "BSBSBSB": {"B": 0.0, "S": 136.02313324389962}, "SBSBSBS": {"B": 255.43184035587097, "S": 0.0}, "BSBSBSBS": {"B": 134.6906196802243, "S": 0.0}, "SBSBSBSB": {"B": 0.0, "S": 135.05292212738465}, "BSBSBSBSB": {"B": 0.0, "S": 14.311701451737974}, "SBSBSBSBS": {"B": 13.374390212333628, "S": 0.0}, "BSBSBSBSBS": {"B": 13.0441753414237, "S": 0.0}, "SBSBSBSBSB": {"B": 0.0, "S": 13.374390212333628}, "BSBSBSBSBSB": {"B": 0.0, "S": 13.0441753414237}, "SBSBSBSBSBS": {"B": 12.138159433189395, "S": 0.0}, "BSBSBSBSBSBS": {"B": 11.838467208969831, "S": 0.0}, "SBSBSBSBSBSB": {"B": 0.0, "S": 12.138159433189395}, "SS": {"B": 2.993684696191894, "S": 8.98105408857568}, "SSS": {"B": 2.993684696191894, "S": 5.987369392383788}, "SSSS": {"B": 2.993684696191894, "S": 2.993684696191894}, "SSSSS": {"B": 2.993684696191894, "S": 0.0}}, "markov_probabilities": {"S": {"B": 1.0, "S": 0.0}, "B": {"B": 0.0, "S": 1.0}}, "error_matrix": {"S": {"wins": 8, "losses": 192}, "SS": {"wins": 6, "losses": 2}, "SSS": {"wins": 4, "losses": 2}, "SSSS": {"wins": 2, "losses": 2}, "SSSSS": {"wins": 0, "losses": 2}, "B": {"wins": 0, "losses": 140}, "SB": {"wins": 0, "losses": 140}, "BS": {"wins": 0, "losses": 170}, "SBS": {"wins": 0, "losses": 170}, "BSB": {"wins": 0, "losses": 120}, "SBSB": {"wins": 0, "losses": 120}, "BSBS": {"wins": 0, "losses": 150}, "SBSBS": {"wins": 0, "losses": 150}, "BSBSB": {"wins": 0, "losses": 100}, "SBSBSB": {"wins": 0, "losses": 100}, "BSBSBS": {"wins": 0, "losses": 100}, "SBSBSBS": {"wins": 0, "losses": 100}, "BSBSBSB": {"wins": 0, "losses": 50}, "SBSBSBSB": {"wins": 0, "losses": 50}, "BSBSBSBS": {"wins": 0, "losses": 50}}}